,driver_name,rating,year
0,aaron scott,S,2017
1,aaron scott,S,2018
2,aaron scott,S,2020
3,abdulaziz turki al faisal,S,2017
4,adrien de leener,S,2020
5,adrien tambay,G,2020
6,alessandro balzan,G,2017
7,alessandro balzan,G,2022
8,alessandro pier guidi,G,2017
9,alessandro pier guidi,P,2019
10,alessandro pier guidi,P,2018
11,alessandro pier guidi,P,2020
12,alessandro pier guidi,P,2021
13,alessandro pier guidi,P,2022
14,alessio picariello,G,2021
15,alessio picariello,G,2022
16,alessio rovera,G,2022
17,alessio rovera,S,2021
18,alex brundle,G,2019
19,alex brundle,G,2017
20,alex brundle,G,2018
21,alex brundle,G,2020
22,alex brundle,G,2022
23,alex brundle,G,2021
24,alex kapadia,S,2020
25,alex lynn,P,2018
26,alexander  lynn,P,2019
27,alexander davison,S,2018
28,alexander lynn,P,2017
29,alexander lynn,P,2020
30,alexander lynn,P,2022
31,alexander sims,P,2018
32,alexander sims,P,2022
33,alexander west,B,2020
34,alexander west,B,2022
35,alexandre coigny,B,2020
36,alexandre cougnaud,S,2022
37,alvaro parente,P,2017
38,anders fjordbach,S,2019
39,anders fjordback,S,2018
40,anders fjordbach,S,2020
41,anders fjordbach,S,2021
42,andre negra0,G,2018
43,andrea belicchi,G,2017
44,andrea belicchi,G,2019
45,andrea bertolini,P,2017
46,andrea bertolini,P,2018
47,andrea belicchi,G,2020
48,andrea piccini,G,2019
49,andrea pizzitola,S,2018
50,andrea pizzitola,G,2019
51,andrea piccini,G,2020
52,andrea piccini,G,2021
53,andreas laskaratos,B,2020
54,andrew howard,B,2017
55,andrew haryanto,B,2021
56,andrew haryanto,B,2022
57,andrew watson,S,2020
58,andrew watson,S,2021
59,andre lotterer,P,2019
60,andre lotterer,P,2017
61,andre lotterer,P,2018
62,andre negrao,G,2019
63,andre negrao,S,2017
64,andre negrao,G,2020
65,andre negrao,G,2022
66,andre negrao,G,2021
67,andy priaulx,P,2019
68,andy priaulx,P,2017
69,andy priaulx,P,2018
70,anthony davidson,P,2019
71,anthony davidson,P,2017
72,anthony davidson,P,2020
73,anthony davidson,P,2021
74,anthony wells,B,2020
75,antonin borga,S,2020
76,antonio felix da costa,P,2018
77,antonio felix da costa,P,2019
78,antonio felix da costa,P,2020
79,antonio felix da costa,P,2021
80,antonio felix da costa,P,2022
81,antonio fuoco,G,2021
82,antonio fuoco,P,2022
83,antonio garcia,P,2017
84,antonio garcia,P,2018
85,antonio garcia,P,2019
86,antonio giovinazzi,P,2018
87,antonio garcia,P,2022
88,antonio garcia,P,2021
89,arjun maini,S,2019
90,ate de jong,B,2018
91,augusto farfus,P,2018
92,augusto farfus,P,2019
93,augusto farfus,P,2020
94,augusto farfus,P,2021
95,beitske visser,S,2020
96,beitske visser,S,2021
97,ben barnicoat,P,2022
98,ben hanley,G,2018
99,ben hanley,G,2019
100,ben hanley,G,2017
101,ben hanley,G,2020
102,ben hanley,G,2022
103,ben hanley,G,2021
104,ben keating,B,2017
105,ben keating,B,2018
106,ben keating,B,2019
107,ben keating,B,2020
108,ben keating,B,2022
109,ben keating,B,2021
110,benjamin barker,G,2017
111,benjamin barker,G,2019
112,benjamin barker,G,2018
113,benjamin barker,G,2020
114,benjamin barker,G,2022
115,benjamin barker,G,2021
116,bent viscaal,S,2022
117,billy johnson,P,2018
118,billy johnson,P,2017
119,billy johnson,G,2019
120,bonamy grimes,B,2020
121,brendan iribe,B,2022
122,brendon hartley,P,2017
123,brendon hartley,P,2020
124,brendon hartley,P,2022
125,brendon hartley,P,2021
126,bruno senna,P,2018
127,bruno senna,P,2019
128,bruno senna,P,2017
129,bruno senna,P,2020
130,bruno spengler,P,2020
131,charles eastwood,S,2018
132,charles fagg,S,2022
133,charles milesi,S,2020
134,charles milesi,S,2021
135,charles milesi,G,2022
136,charles robertson,S,2018
137,charlie eastwood,S,2019
138,charlie eastwood,S,2020
139,charlie hollings,S,2020
140,christian hook,B,2022
141,christian philippon,B,2017
142,christian ried,B,2017
143,christian ried,B,2019
144,christian ried,B,2018
145,christian ried,B,2020
146,christian ried,B,2022
147,christian ried,B,2021
148,christina nielsen,S,2018
149,christina nielsen,S,2017
150,christoph ulrich,B,2020
151,christoph ulrich,B,2022
152,christophe cresp,B,2022
153,christophe d'ansembourg,B,2020
154,claudio schiavoni,B,2019
155,claudio schiavoni,B,2020
156,claudio schiavoni,B,2021
157,claudio schiavoni,B,2022
158,come ledogar,P,2019
159,come ledogar,P,2022
160,conrad grunewald,B,2022
161,cooper mac neil,S,2017
162,cooper macneil,S,2019
163,cooper macneil,S,2018
164,cooper mac neil,S,2022
165,cooper macneil,S,2020
166,curtis bret,B,2017
167,come ledogar,P,2018
168,come ledogar,P,2020
169,dane cameron,G,2022
170,daniel serra,G,2019
171,daniel serra,G,2018
172,daniel serra,G,2017
173,daniel serra,G,2020
174,daniel serra,P,2022
175,daniel serra,P,2021
176,darren burke,S,2021
177,darren turner,P,2019
178,darren turner,P,2018
179,darren turner,P,2017
180,david cheng,S,2017
181,david cheng,S,2018
182,david droux,G,2022
183,david heinemeier hansson,S,2019
184,david heinemeier-hansson,S,2018
185,david heinemeier hansson,S,2017
186,david heinemeier-hansson,S,2022
187,david perel,S,2022
188,david pittard,S,2022
189,david zollinger,S,2019
190,david zollinger,S,2017
191,davide rigon,P,2019
192,davide rigon,P,2018
193,davide rigon,P,2017
194,davide rigon,P,2020
195,davide rigon,P,2022
196,dennis andersen,B,2019
197,dennis andersen,B,2018
198,dennis andersen,B,2021
199,dennis olsen,G,2019
200,dirk muller,P,2018
201,dirk muller,P,2017
202,dirk muller,P,2019
203,dirk werner,P,2017
204,dominik kraihamer,G,2017
205,dominik kraihamer,G,2018
206,dominique bastien,B,2020
207,dries vanthoor,S,2017
208,dries vanthoor,P,2022
209,duncan cameron,B,2017
210,duncan cameron,B,2018
211,duncan cameron,B,2020
212,duncan cameron,B,2022
213,dylan pereira,S,2021
214,earl bamber,P,2017
215,earl bamber,P,2019
216,earl bamber,P,2018
217,edward cheever,S,2019
218,edward cheever,S,2018
219,edward jones,G,2022
220,egidio perfetti,B,2017
221,egidio perfetti,B,2019
222,egidio perfetti,B,2018
223,egidio perfetti,B,2020
224,egidio perfetti,B,2021
225,egor orudzhev,G,2019
226,egor orudzhev,G,2018
227,emmanuel collard,P,2017
228,emmanuel collard,G,2020
229,emmanuel collard,S,2022
230,enzo guibbert,S,2017
231,enzo guibbert,G,2018
232,eric trouillet,B,2017
233,eric trouillet,B,2022
234,erik maris,B,2017
235,erik maris,B,2018
236,erik maris,B,2020
237,erwin creed,B,2019
238,erwin creed,B,2018
239,esteban garcia,B,2021
240,esteban gutierrez,P,2022
241,euan hankey,S,2017
242,euan hankey,G,2018
243,euan hankey,G,2019
244,fabien barthez,B,2017
245,fabio babini,G,2018
246,fabio scherer,G,2022
247,fabio scherer,S,2021
248,felipe derani,P,2022
249,felipe fraga,S,2019
250,felipe fraga,S,2020
251,felipe fraga,G,2022
252,felipe fraga,G,2021
253,felipe nasr,P,2022
254,felix rosenqvist,G,2017
255,ferdinand habsburg-lothringen,G,2021
256,ferdinand habsburg-lothringen,G,2022
257,fernando alonso,P,2019
258,fernando alonso,P,2018
259,fernando rees,G,2017
260,filipe albuquerque,P,2017
261,filipe albuquerque,P,2018
262,filipe albuquerque,P,2019
263,filipe albuquerque,P,2020
264,filipe albuquerque,P,2022
265,filipe albuquerque,P,2021
266,francesco castellacci,S,2019
267,francesco castellacci,S,2018
268,francesco castellacci,S,2017
269,francesco castellacci,S,2020
270,francesco castellacci,S,2022
271,francesco castellacci,S,2021
272,francesco piovanetti,B,2020
273,franck dezoteux,B,2022
274,franck matelli,S,2017
275,franck mailleux,G,2022
276,franco colapinto,S,2021
277,francois heriau,B,2022
278,francois perrodo,B,2019
279,francois perrodo,B,2017
280,francois perrodo,B,2018
281,francois perrodo,B,2020
282,francois perrodo,B,2022
283,francois perrodo,B,2021
284,fred poordad,B,2022
285,frederic makowiecki,P,2020
286,frederic makowiecki,P,2022
287,frederik schandorff,S,2022
288,frits van eerd,B,2019
289,frits van eerd,B,2017
290,frits van eerd,B,2018
291,frits van eerd,B,2020
292,frits van eerd,B,2021
293,frederic makowiecki,P,2017
294,frederic makowiecki,P,2019
295,frederic makowiecki,P,2018
296,gabriel aubry,S,2019
297,gabriel aubry,S,2018
298,gabriel aubry,S,2020
299,gabriel aubry,G,2021
300,gabriel aubry,G,2022
301,garett grist,S,2020
302,giancarlo fisichella,P,2018
303,giancarlo fisichella,P,2017
304,giancarlo fisichella,P,2019
305,giancarlo fisichella,P,2020
306,giancarlo fisichella,P,2021
307,giancarlo fisichella,P,2022
308,gianmaria bruni,P,2018
309,gianmaria bruni,P,2019
310,gianmaria bruni,P,2020
311,gianmaria bruni,P,2021
312,gianmaria bruni,P,2022
313,giedo van der garde,P,2018
314,giedo van der garde,P,2019
315,giedo van der garde,P,2020
316,giedo van der garde,P,2021
317,giorgio roda,S,2019
318,giorgio roda,S,2018
319,giorgio sernagiotto,S,2019
320,giorgio sernagiotto,S,2018
321,giorgio sernagiotto,S,2017
322,giorgio sernagiotto,S,2020
323,giorgio sernagiotto,S,2021
324,guillermo rojas,G,2022
325,gustavo menezes,G,2019
326,gustavo menezes,G,2018
327,gustavo menezes,G,2017
328,gustavo menezes,G,2020
329,harrison newey,S,2018
330,harry tincknell,P,2019
331,harry tincknell,P,2017
332,harry tincknell,P,2018
333,harry tincknell,P,2020
334,harry tincknell,P,2022
335,henning enqvist,S,2019
336,henrik hedman,B,2018
337,henrik hedman,B,2017
338,henrik hedman,B,2019
339,henrik hedman,B,2020
340,henrik hedman,B,2021
341,henrique chaves,S,2022
342,hiroki katoh,S,2017
343,ho pin tung,G,2018
344,ho-pin tung,G,2019
345,ho-pin tung,G,2020
346,ho-pin tung,G,2017
347,horst felbermayr jr,B,2020
348,hugo de sadeleer,S,2018
349,hugo de sadeleer,S,2017
350,jack aitken,G,2022
351,jacques nicolet,B,2017
352,jakub smiechowski,S,2019
353,jakub smiechowski,S,2020
354,jakub smiechowski,S,2021
355,jakub smiechowski,S,2022
356,james allen,S,2017
357,james allen,S,2018
358,james allen,G,2020
359,james allen,G,2022
360,james calado,P,2018
361,james calado,P,2017
362,james calado,P,2019
363,james calado,P,2020
364,james calado,P,2022
365,james calado,P,2021
366,james rossiter,P,2017
367,james winslow,S,2017
368,jamie winslow,S,2019
369,jan heylen,G,2022
370,jan lammers,B,2018
371,jan lammers,B,2017
372,jan magnussen,P,2019
373,jan magnussen,P,2018
374,jan magnussen,P,2017
375,jan magnussen,P,2020
376,jan magnussen,P,2021
377,jason hart,S,2022
378,jaxon evans,S,2021
379,jazeman jafaar,G,2018
380,jean eric vergne,P,2020
381,jean glorieux,B,2022
382,jean-baptiste lahaye,S,2022
383,jean-eric vergne,P,2018
384,jean-eric vergne,P,2019
385,jean-eric vergne,P,2017
386,jeffrey segal,G,2019
387,jeffrey segal,G,2018
388,jeffrey segal,G,2020
389,jeroen bleekemolen,P,2017
390,jeroen bleekemolen,G,2019
391,jeroen bleekemolen,P,2018
392,jeroen bleekemolen,G,2020
393,jesse krohn,G,2019
394,job van uitert,S,2019
395,job van uitert,G,2020
396,job van uitert,G,2022
397,job van uitert,G,2021
398,joey hand,P,2018
399,joey hand,P,2019
400,joey hand,P,2017
401,john falb,B,2019
402,john farano,B,2019
403,john falb,B,2020
404,john falb,B,2022
405,john falb,B,2021
406,johnathan adam,P,2020
407,johnny mowlem,G,2020
408,jonathan adam,P,2019
409,jonathan adam,G,2017
410,jonathan adam,P,2018
411,jonathan aberdein,G,2022
412,jonathan bomarito,G,2019
413,jonathan hirschi,G,2019
414,jonathan hirschi,G,2018
415,jonathan hirschi,G,2017
416,jonathan hirschi,G,2020
417,jonathan kennard,S,2020
418,jordan king,G,2019
419,jordan taylor,P,2017
420,jordan taylor,P,2022
421,jose gutierrez,S,2017
422,jose gutierrez,S,2018
423,jose maria lopez,P,2018
424,jose maria lopez,P,2017
425,jose maria lopez,P,2019
426,jose maria lopez,P,2020
427,jose maria lopez,P,2021
428,jose maria lopez,P,2022
429,joshua pierson,S,2022
430,juan pablo montoya,P,2018
431,juan pablo montoya,P,2020
432,juan pablo montoya,P,2021
433,jules gounon,G,2019
434,jules gounon,G,2020
435,julien andlauer,S,2019
436,julien andlauer,S,2018
437,julien andlauer,G,2020
438,julien andlauer,G,2022
439,julien canal,S,2019
440,julien canal,S,2017
441,julien canal,S,2018
442,julien canal,S,2020
443,julien canal,S,2022
444,julien piguet,S,2020
445,jorg bergmeister,P,2019
446,jorg bergmeister,P,2018
447,kamui kobayashi,P,2017
448,kamui kobayashi,P,2018
449,kamui kobayashi,P,2019
450,kamui kobayashi,P,2020
451,kamui kobayashi,P,2022
452,kamui kobayashi,P,2021
453,karun chandhok,G,2017
454,katherine legge,G,2021
455,kazuki nakajima,P,2017
456,kazuki nakajima,P,2018
457,kazuki nakajima,P,2019
458,kazuki nakajima,P,2020
459,kazuki nakajima,P,2021
460,kei francesco cozzolino,S,2019
461,kei francesco cozzolino,G,2020
462,keita sawa,S,2017
463,keitha sawa,S,2018
464,kenta yamashita,P,2020
465,kevin estre,P,2018
466,kevin estre,P,2019
467,kevin estre,P,2017
468,kevin estre,P,2020
469,kevin estre,P,2021
470,kevin estre,P,2022
471,khaled al qubaisi,B,2018
472,konstantin tereschenko,S,2019
473,konstantin tereschenko,S,2020
474,konstantins calko,S,2017
475,kyle tilley,S,2020
476,larry ten voorde,S,2020
477,laurens vanthoor,P,2018
478,laurens vanthoor,P,2019
479,laurens vanthoor,P,2020
480,laurens vanthoor,P,2022
481,laurents horr,G,2022
482,liam griffin,B,2018
483,lilou wadoux,S,2022
484,loic duval,P,2021
485,lorenzo colombo,S,2022
486,louis deletraz,G,2022
487,louis deletraz,G,2020
488,louis prette,S,2019
489,louis prette,S,2022
490,loic duval,P,2018
491,loic duval,P,2019
492,luca stolz,S,2018
493,lucas di grassi,P,2017
494,lucas legeret,S,2020
495,luis felipe derani,G,2018
496,luis felipe derani,G,2017
497,luis perez companc,B,2019
498,luiz felipe nasr,P,2018
499,leo roussel,G,2018
500,manuela gostner,B,2019
501,manuela gostner,B,2020
502,manuela gostner,B,2021
503,marcel fassler,P,2017
504,marcel fassler,P,2018
505,marcel fassler,P,2019
506,marco cioci,G,2017
507,marco cioci,G,2018
508,marco seefried,S,2021
509,marco sorensen,P,2022
510,marco sorensen,P,2019
511,marco sorensen,G,2018
512,marco sorensen,G,2017
513,marco sorensen,P,2020
514,marcos gomes,S,2020
515,marcos gomes,S,2021
516,mark kvamme,B,2022
517,mark patterson,B,2018
518,mark patterson,B,2017
519,mark patterson,B,2020
520,martin rump,S,2022
521,martin tomczyk,P,2018
522,martin tomczyk,P,2019
523,marvin dienst,S,2017
524,marvin klein,S,2022
525,matevos isaakyan,G,2018
526,matevos isakkyan,G,2020
527,mathias beche,P,2017
528,mathias beche,P,2018
529,mathias beche,G,2019
530,mathias beche,G,2022
531,mathias lauda,S,2018
532,mathias lauda,S,2017
533,mathias lauda,S,2019
534,mathieu jaminet,G,2019
535,matt bell,S,2022
536,matt campbell,G,2019
537,matt campbell,G,2018
538,matt campbell,G,2020
539,matt campbell,G,2021
540,matt campbell,G,2022
541,matteo cairoli,G,2018
542,matteo cairoli,G,2017
543,matteo cairoli,G,2019
544,matteo cressoni,S,2019
545,matteo cairoli,G,2020
546,matteo cairoli,G,2022
547,matteo cairoli,G,2021
548,matteo cressoni,S,2020
549,matteo cressoni,S,2022
550,matteo cressoni,S,2021
551,matthew griffin,G,2018
552,matthew griffin,G,2019
553,matthew griffin,G,2017
554,matthew griffin,G,2020
555,matthew griffin,G,2022
556,matthew mcmurry,S,2017
557,matthew mcmurry,S,2020
558,matthew rao,S,2017
559,matthieu lahaye,S,2022
560,matthieu vaxiviere,G,2019
561,matthieu vaxiviere,G,2017
562,matthieu vaxiviere,G,2018
563,matthieu vaxiviere,G,2020
564,matthieu vaxiviere,G,2021
565,matthieu vaxiviere,G,2022
566,max van splunteren,S,2020
567,maxime martin,P,2019
568,maxime martin,P,2018
569,maxime martin,P,2020
570,maxwell root,S,2020
571,maxwell root,S,2022
572,memo rojas,G,2017
573,memo rojas,G,2018
574,memo rojas,G,2019
575,memo rojas,G,2020
576,michael christensen,P,2018
577,michael christensen,P,2017
578,michael christensen,P,2019
579,michael christensen,P,2020
580,michael christensen,P,2022
581,michael fassbender,B,2022
582,michael hedlund,B,2017
583,michael jensen,B,2022
584,michael simpson,S,2018
585,michael wainwright,B,2018
586,michael wainwright,B,2019
587,michael wainwright,B,2017
588,michael wainwright,B,2020
589,michael wainwright,B,2022
590,michael wainwright,B,2021
591,michele beretta,S,2020
592,michelle gatting,S,2019
593,michelle gatting,S,2020
594,michelle gatting,S,2022
595,miguel molina,P,2017
596,miguel molina,P,2018
597,miguel molina,P,2019
598,miguel molina,P,2020
599,miguel molina,P,2022
600,miguel molina,P,2021
601,mike conway,P,2019
602,mike conway,P,2018
603,mike conway,P,2017
604,mike conway,P,2020
605,mike conway,P,2022
606,mike conway,P,2021
607,mike rockenfeller,P,2019
608,mike rockenfeller,P,2018
609,mikhail aleshin,P,2019
610,mikhail aleshin,P,2017
611,mikhail aleshin,P,2018
612,mikkel jensen,S,2020
613,mikkel jensen,G,2022
614,mikkel pedersen,S,2022
615,mirko bortolotti,P,2022
616,miroslav konopka,B,2019
617,miroslav konopka,B,2017
618,miroslav konopka,B,2022
619,miroslav konopka,B,2021
620,morris chen,B,2020
621,motoaki ishikawa,B,2019
622,motoaki ishikawa,B,2018
623,nabil jeffri,S,2018
624,nathanael berthon,G,2020
625,nathanael berthon,G,2018
626,nathanael berthon,G,2019
627,nathanael berthon,G,2017
628,neel jani,P,2018
629,neel jani,P,2019
630,neel jani,P,2017
631,neel jani,P,2021
632,nelson panciatici,P,2017
633,nelson piquet jr,P,2017
634,nicholas boulle,S,2019
635,nicholas boulle,S,2018
636,nicholas cassidy,G,2022
637,nicholas foster,S,2017
638,nicholas foster,G,2020
639,nicholas tandy,P,2019
640,nicholas tandy,P,2017
641,nicholas yelloly,G,2017
642,nick tandy,P,2018
643,nick tandy,P,2020
644,nick tandy,P,2022
645,nicki thiim,P,2017
646,nicki thiim,P,2018
647,nicki thiim,P,2019
648,nicki thiim,P,2020
649,nicki thiim,P,2022
650,nicklas nielsen,S,2020
651,nicklas nielsen,G,2022
652,nicklas nielsen,G,2021
653,nicky catsburg,G,2019
654,nicky catsburg,G,2018
655,nicky catsburg,P,2022
656,niclas jonsson,S,2017
657,niclas jonsson,S,2018
658,niclas jonsson,S,2019
659,nico muller,P,2022
660,nicolas jamin,G,2019
661,nicolas jamin,G,2020
662,nicolas jamin,G,2022
663,nicolas lapierre,P,2019
664,nicolas lapierre,P,2018
665,nicolas lapierre,P,2017
666,nicolas lapierre,P,2020
667,nicolas lapierre,P,2022
668,nicolas lapierre,P,2021
669,nicolas leutwiler,B,2022
670,nicolas prost,P,2017
671,nicolas varrone,S,2022
672,nigel moore,S,2017
673,nigel moore,S,2019
674,niklas kruetten,S,2022
675,nobuya yamanaka,B,2020
676,norman nato,G,2018
677,norman nato,G,2019
678,norman nato,G,2020
679,norman nato,G,2021
680,norman nato,G,2022
681,nyck de vries,G,2019
682,nyck de vries,G,2020
683,nyck de vries,P,2021
684,oliver bryant,S,2017
685,oliver gavin,P,2017
686,oliver gavin,P,2019
687,oliver gavin,P,2018
688,oliver gavin,P,2021
689,oliver jarvis,P,2017
690,oliver jarvis,P,2019
691,oliver jarvis,P,2020
692,oliver jarvis,P,2022
693,oliver rowland,P,2018
694,oliver rasmussen,S,2022
695,oliver turvey,P,2018
696,oliver webb,G,2019
697,oliver webb,G,2017
698,oliver webb,G,2018
699,oliver webb,G,2020
700,olivier beretta,P,2017
701,olivier beretta,P,2019
702,olivier beretta,P,2018
703,olivier pla,P,2018
704,olivier pla,P,2017
705,olivier pla,P,2019
706,olivier pla,P,2020
707,olivier pla,P,2022
708,olliver millroy,S,2022
709,oswaldo negri jr,B,2020
710,paolo ruberti,G,2019
711,paolo ruberti,G,2020
712,pastor maldonado,P,2018
713,pastor maldonado,P,2019
714,patrice lafargue,B,2017
715,patrick kelly,B,2021
716,patrick lindsey,S,2019
717,patrick lindsey,S,2018
718,patrick long,P,2018
719,patrick long,P,2017
720,patrick long,P,2019
721,patrick pilet,P,2019
722,patrick pilet,P,2018
723,patrick pilet,P,2017
724,patrick pilet,P,2020
725,patrick pilet,P,2022
726,paul dalla lana,B,2017
727,paul dalla lana,B,2019
728,paul dalla lana,B,2018
729,paul di resta,P,2019
730,paul di resta,P,2018
731,paul dalla lana,B,2020
732,paul dalla lana,B,2021
733,paul dalla lana,B,2022
734,paul di resta,P,2020
735,paul lafargue,S,2018
736,paul lafargue,S,2017
737,paul lafargue,S,2019
738,paul lafargue,S,2020
739,paul lafargue,S,2022
740,paul loup chatin,G,2018
741,paul loup chatin,G,2022
742,paul-loup chatin,G,2019
743,paul-loup chatin,G,2020
744,pedro lamy,P,2018
745,pedro lamy,P,2017
746,pedro lamy,P,2019
747,phil hanson,S,2017
748,philip hanson,S,2018
749,philip hanson,S,2019
750,philip hanson,S,2020
751,philip hanson,G,2022
752,philip hanson,G,2021
753,philipp eng,P,2019
754,philipp eng,G,2018
755,philippe cimadomo,B,2022
756,philippe prette,B,2019
757,pierre ehret,B,2022
758,pierre kaffer,P,2017
759,pierre nicolet,S,2018
760,pierre nicolet,S,2017
761,pierre ragues,S,2017
762,pierre ragues,S,2019
763,pierre ragues,S,2020
764,pierre ragues,S,2022
765,pierre thiriet,S,2018
766,pierre thiriet,S,2017
767,pierre thiriet,S,2019
768,pietro fittipaldi,P,2022
769,pipo derani,G,2019
770,raffaele giammaria,S,2022
771,rahel frey,S,2019
772,rahel frey,S,2020
773,rahel frey,G,2022
774,rahel frey,S,2021
775,rene binder,S,2022
776,renger van der zande,G,2019
777,renger van der zande,G,2018
778,renger van der zande,G,2020
779,renger van der zande,G,2022
780,renger van der zande,G,2021
781,rene binder,S,2019
782,rene binder,S,2020
783,rene rast,P,2022
784,reshad de gerus,S,2022
785,ricardo pera,S,2022
786,riccardo pera,S,2020
787,riccardo pera,S,2021
788,richard bradley,G,2017
789,richard bradley,G,2020
790,richard bradley,G,2022
791,richard heistand,B,2020
792,richard heistand,B,2022
793,richard lietz,P,2017
794,richard lietz,P,2018
795,richard lietz,P,2019
796,richard lietz,P,2020
797,richard lietz,P,2022
798,richard lietz,P,2021
799,richard wee,B,2017
800,richard westbrook,P,2017
801,richard westbrook,P,2018
802,richard westbrook,P,2019
803,richard westbrook,P,2020
804,richard westbrook,P,2022
805,richie stanaway,P,2017
806,ricky taylor,G,2019
807,ricky taylor,P,2018
808,ricky taylor,G,2017
809,ricky taylor,P,2022
810,rik breukers,S,2017
811,rino mastronardi,B,2020
812,rob bell,P,2017
813,robert kubica,P,2022
814,robert smith,B,2019
815,robert smith,B,2017
816,roberto gonzalez,S,2017
817,roberto gonzalez,S,2018
818,roberto gonzalez,S,2019
819,roberto gonzalez,S,2020
820,roberto gonzalez,S,2021
821,roberto gonzalez,S,2022
822,roberto lacorte,B,2019
823,roberto lacorte,B,2017
824,roberto lacorte,B,2018
825,roberto lacorte,B,2020
826,roberto lacorte,B,2021
827,roberto merhi,P,2020
828,roberto merhi,P,2021
829,robin frijns,P,2021
830,robin frijns,P,2022
831,rodrigo baptista,S,2019
832,rodrigo sales,B,2022
833,rolf ineichen,S,2022
834,romain brandela,B,2017
835,romain dumas,P,2018
836,romain dumas,P,2019
837,romain dumas,P,2017
838,romain dumas,P,2020
839,romain dumas,P,2022
840,roman rusinov,G,2019
841,roman rusinov,G,2017
842,roman rusinov,G,2018
843,roman rusinov,G,2020
844,roman rusinov,G,2021
845,romano ricci,B,2018
846,romano ricci,B,2019
847,ross gunn,S,2017
848,ross gunn,S,2020
849,rubens barrichello,P,2017
850,rui andrade,S,2021
851,rui andrade,S,2022
852,ryan briscoe,P,2017
853,ryan briscoe,P,2018
854,ryan briscoe,P,2019
855,ryan briscoe,P,2022
856,ryan cullen,S,2019
857,ryan cullen,S,2020
858,ryan cullen,S,2022
859,ryo hirakawa,G,2017
860,ryo hirakawa,P,2022
861,salih yoluc,B,2018
862,salih yoluc,B,2019
863,salih yoluc,B,2017
864,salih yoluc,B,2020
865,sam bird,P,2017
866,sam bird,P,2018
867,sam bird,P,2019
868,sam bird,P,2020
869,sam bird,P,2022
870,sarah bovy,B,2022
871,satoshi hoshino,B,2019
872,satoshi hoshino,B,2022
873,satoshi hoshino,B,2021
874,scott dixon,P,2019
875,scott dixon,P,2017
876,scott dixon,P,2018
877,sean gelael,S,2021
878,sean gelael,S,2022
879,sebastian priaulx,S,2022
880,sebastien bourdais,P,2022
881,sergey sirotkin,P,2017
882,sergey sirotkin,P,2019
883,sergio pianezzola,B,2019
884,sergio pianezzola,S,2020
885,shane van gisbergen,G,2022
886,simon mann,S,2022
887,simon trummer,G,2017
888,simon trummer,G,2020
889,simon trummer,G,2021
890,sophia floersch,S,2020
891,sophia floersch,S,2021
892,sophia floersch,S,2022
893,spencer pumpelly,S,2018
894,stefan mucke,P,2019
895,stefan mucke,P,2017
896,stefan mucke,P,2018
897,steffen gorig,B,2020
898,steven palette,S,2022
899,steven thomas,B,2022
900,stoffel vandoorne,P,2019
901,stoffel vandoorne,P,2021
902,stephane lemeret,S,2017
903,stephane richelmi,G,2019
904,stephane richelmi,G,2018
905,stephane sarrazin,P,2018
906,stephane sarrazin,P,2019
907,stephane sarrazin,P,2017
908,sven muller,G,2018
909,sven muller,G,2019
910,sebastien bourdais,P,2018
911,sebastien bourdais,P,2017
912,sebastien bourdais,P,2019
913,sebastien buemi,P,2019
914,sebastien buemi,P,2017
915,sebastien buemi,P,2018
916,sebastien bourdais,P,2020
917,sebastien buemi,P,2020
918,sebastien buemi,P,2021
919,sebastien buemi,P,2022
920,sebastien ogier,P,2022
921,sebastien page,B,2022
922,tacksung kim,B,2018
923,takeshi kimura,B,2019
924,takeshi kimura,B,2020
925,takeshi kimura,B,2022
926,tatiana calderon,S,2020
927,tatiana calderon,S,2021
928,thimothe buret,S,2018
929,thomas dagoneau,B,2018
930,thomas flohr,B,2019
931,thomas flohr,B,2017
932,thomas flohr,B,2018
933,thomas flohr,B,2020
934,thomas flohr,B,2022
935,thomas flohr,B,2021
936,thomas jackson,S,2021
937,thomas laurent,G,2018
938,thomas laurent,G,2019
939,thomas laurent,S,2017
940,thomas laurent,G,2020
941,thomas merrill,B,2022
942,thomas preining,S,2019
943,thomas preining,G,2020
944,tijmen van der helm,S,2022
945,timo bernhard,P,2017
946,timo bernhard,P,2018
947,timothy pappas,B,2018
948,timothe buret,S,2017
949,timothe buret,S,2020
950,tom blomqvist,P,2020
951,tom blomqvist,P,2021
952,tom dillmann,G,2019
953,tom dillmann,G,2018
954,tom dillmann,G,2020
955,tom gamble,S,2021
956,tom milner,P,2019
957,tommy milner,P,2017
958,tommy milner,P,2018
959,tommy milner,P,2022
960,tomonobu fujii,G,2021
961,tomonobu fujii,G,2022
962,toni vilander,P,2017
963,toni vilander,P,2019
964,toni vilander,P,2018
965,toni vilander,P,2020
966,toni vilander,P,2022
967,tony kanaan,P,2018
968,tor graves,S,2017
969,townsend bell,G,2017
970,tracy krohn,B,2018
971,tracy krohn,B,2019
972,tracy krohn,B,2017
973,tristan gommendy,P,2018
974,tristan gommendy,P,2017
975,tristan gommendy,P,2019
976,tristan gommendy,P,2020
977,tristan vautier,G,2022
978,victor shaitar,S,2018
979,victor shaytar,S,2017
980,vincent abril,G,2019
981,vincent abril,G,2020
982,vincent abril,G,2022
983,vincent capillaire,S,2017
984,vincent capillaire,S,2018
985,vincent capillaire,S,2019
986,vincent capillaire,S,2020
987,vitaly petrov,P,2019
988,vitaly petrov,P,2017
989,vitaly petrov,P,2018
990,vutthikorn inthraphuvasak,B,2020
991,wei lu,B,2019
992,weiron tan,S,2018
993,weng sun mok,B,2018
994,weng sun mok,B,2017
995,will stevens,P,2018
996,will stevens,P,2020
997,william owen,S,2019
998,william owen,S,2017
999,william owen,S,2018
1000,william owen,S,2020
1001,william owen,S,2022
1002,william stevens,P,2017
1003,william stevens,P,2019
1004,william sweedler,B,2017
1005,william stevens,P,2022
1006,yifei ye,G,2022
1007,yuji kunimoto,P,2017
1008,zacharie robichon,S,2022
